{
  "updates": [
    1,
    50,
    100,
    150,
    200,
    250,
    300,
    350,
    400,
    450,
    500
  ],
  "no_decay": {
    "final_loss": 0.5543729662895203,
    "norms": [
      34.56986145284803,
      34.53820184916351,
      34.49983006727146,
      34.46234085620123,
      34.424823859363215,
      34.387789612784836,
      34.3516678816206,
      34.31513485847956,
      34.27992409819132,
      34.24537268166217,
      34.21156092084363
    ]
  },
  "with_decay": {
    "final_loss": 0.39044585824012756,
    "norms": [
      34.39869922002673,
      26.8818921816223,
      20.90184165532977,
      16.25737236579978,
      12.653840573366365,
      9.861466720476747,
      7.701408550033967,
      6.037493519753768,
      4.762200282484554,
      3.7906582960782202,
      3.0327477645622176
    ]
  }
}